name,customer_satisfaction
Emp26,4.461666666666667
Emp30,4.4383333333333335
Emp12,4.3975
Emp24,4.3925
Emp18,4.368333333333333
Emp16,4.340833333333333
Emp19,4.333333333333333
Emp20,4.315833333333333
Emp2,4.308333333333334
Emp27,4.3
